{
  "initialization_time_control": 0.13471221923828125,
  "execution_time_control": 19.82858109474182,
  "total_time": 19.963293313980103
}