{
  "initialization_time_control": 0.13467144966125488,
  "execution_time_control": 13.011647462844849,
  "total_time": 13.146318912506104
}