{
  "initialization_time_control": 0.13601374626159668,
  "execution_time_control": 17.04908061027527,
  "total_time": 17.185094356536865
}