{
  "initialization_time_planning": 0.15178513526916504,
  "execution_time_planning": 23.35443878173828,
  "total_time": 23.506223917007446
}